-- phpMyAdmin SQL Dump
-- version 4.7.4
-- https://www.phpmyadmin.net/
--
-- Host: 127.0.0.1:3306
-- Czas generowania: 11 Sty 2019, 23:05
-- Wersja serwera: 5.7.19
-- Wersja PHP: 5.6.31

SET SQL_MODE = "NO_AUTO_VALUE_ON_ZERO";
SET AUTOCOMMIT = 0;
START TRANSACTION;
SET time_zone = "+00:00";


/*!40101 SET @OLD_CHARACTER_SET_CLIENT=@@CHARACTER_SET_CLIENT */;
/*!40101 SET @OLD_CHARACTER_SET_RESULTS=@@CHARACTER_SET_RESULTS */;
/*!40101 SET @OLD_COLLATION_CONNECTION=@@COLLATION_CONNECTION */;
/*!40101 SET NAMES utf8mb4 */;

--
-- Baza danych: `projektphp`
--

-- --------------------------------------------------------

--
-- Struktura tabeli dla tabeli `komentarze`
--

DROP TABLE IF EXISTS `komentarze`;
CREATE TABLE IF NOT EXISTS `komentarze` (
  `id_kom` int(11) NOT NULL AUTO_INCREMENT,
  `id_user` int(11) NOT NULL,
  `id_post` int(11) NOT NULL,
  `tresc` text NOT NULL,
  `wyslano` timestamp NULL DEFAULT CURRENT_TIMESTAMP,
  `status` int(11) NOT NULL DEFAULT '1',
  PRIMARY KEY (`id_kom`)
) ENGINE=MyISAM AUTO_INCREMENT=9 DEFAULT CHARSET=utf8 COLLATE=utf8_polish_ci;

--
-- Zrzut danych tabeli `komentarze`
--

INSERT INTO `komentarze` (`id_kom`, `id_user`, `id_post`, `tresc`, `wyslano`, `status`) VALUES
(1, 1, 1, 'sdaadadwaads', '2018-11-26 23:17:32', 2),
(2, 0, 1, '54534343', '2018-11-26 23:17:32', 2),
(3, 2, 2, 'sdaadadwaadsrgrgrg', '2018-11-26 23:17:32', 2),
(4, 1, 3, 'hhheggsfsfad er errefsfseffs efsfsefse', '2018-11-26 23:17:32', 2),
(5, 4, 3, 'sdaadadwaads', '2018-11-26 23:17:32', 2),
(6, 4, 3, 'sdaadadwaads', '2018-11-26 23:17:32', 2),
(9, 1, 8, ' djwiodojd ', '2018-12-04 23:00:00', 2),
(10, 1, 10, ' xsxsx', NULL, 1),
(11, 1, 12, ' owqihdwodishd dqww', NULL, 2),
(12, 4, 12, ' dhwdoawid', NULL, 1),
(13, 4, 12, ' dwpkdpwkdwa', NULL, 1),
(14, 4, 12, ' 1', NULL, 1),
(15, 4, 12, ' 2\r\n', NULL, 1),
(16, 4, 12, ' 3\r\n', NULL, 1),
(17, 4, 12, ' 4\r\n\r\n', NULL, 1),
(18, 4, 12, ' 5\r\n', NULL, 1),
(19, 4, 12, ' 6', NULL, 1),
(20, 1, 12, ' ldnaowidiwajdp', NULL, 1),
(21, 1, 12, ' dtydsydt cuyucu', NULL, 1);

-- --------------------------------------------------------

--
-- Struktura tabeli dla tabeli `posts`
--

DROP TABLE IF EXISTS `posts`;
CREATE TABLE IF NOT EXISTS `posts` (
  `id_pos` int(11) NOT NULL AUTO_INCREMENT,
  `user_id_pos` int(11) NOT NULL,
  `title` varchar(255) NOT NULL,
  `article` text NOT NULL,
  `updated_at` timestamp NOT NULL DEFAULT CURRENT_TIMESTAMP,
  `created_at` datetime NOT NULL,
  `akceptacja` int(11) NOT NULL,
  PRIMARY KEY (`id_pos`)
)ENGINE=MyISAM AUTO_INCREMENT=9 DEFAULT CHARSET=utf8 COLLATE=utf8_polish_ci;

--
-- Zrzut danych tabeli `posts`
--

INSERT INTO `posts` (`id_pos`, `user_id_pos`, `title`, `article`, `updated_at`, `created_at`, `akceptacja`) VALUES
(1, 1, 'Avi first check post', 'It has survived not only five centuries, but also the leap into electronic typesetting, remaining essentially unchanged. It was popularised in the 1960s with the release of Letraset sheets containing Lorem Ipsum passages, and more recently with desktop publishing software like Aldus PageMaker including versions of Lorem Ipsum.', '2018-08-02 09:22:52', '2018-08-02 11:22:52', 2),
(2, 2, 'Moshe is the best', 'There are many variations of passages of Lorem Ipsum available, but the majority have suffered alteration in some form, by injected humour, or randomised words which don\'t look even slightly believable. If you are going to use a passage of Lorem Ipsum, you need to be sure there isn\'t anything embarrassing hidden in the middle of text. All the Lorem Ipsum generators on the Internet tend to repeat predefined chunks as necessary, making this the first true generator on the Internet. It uses a dictionary of over 200 Latin words, combined with a handful of model sentence structures, to generate Lorem Ipsum which looks reasonable. The generated Lorem Ipsum is therefore always free from repetition, injected humour, or non-characteristic words etc.', '2018-08-02 09:23:32', '2018-08-02 11:23:32', 2),
(3, 3, 'Popeye love olivbf', 'I am popeye and i love olivini', '2018-08-02 10:21:31', '2018-08-02 12:21:31', 2),
(4, 4, 'avi second post', 'Lorem ipsum dolor sit amet, consectetur adipiscing elit. Vivamus ac nibh nisl. Vivamus sit amet auctor magna, in cursus ipsum. Morbi tempus leo et orci fringilla, quis mollis nisi egestas. Fusce non magna vel nibh ultricies rutrum. Vestibulum pulvinar condimentum sapien ut efficitur. Nunc rhoncus nisi sed ornare dictum. Donec tincidunt luctus nunc, sed mattis velit dictum sed. Quisque varius porta elit vel semper. Vivamus in massa quis lectus ullamcorper interdum. Phasellus lobortis ultrices mollis. Morbi in feugiat leo, non congue ligula. Phasellus quis nisl sed velit consequat egestas id vel tellus. Praesent ornare dolor non erat malesuada, quis molestie dolor hendrerit. Ut eleifend nisi vel augue commodo porta. Vestibulum egestas leo vulputate mi elementum, vitae consectetur justo vestibulum.\r\n\r\nDonec nec ullamcorper elit. Orci varius natoque penatibus et magnis dis parturient montes, nascetur ridiculus mus. Cras imperdiet porttitor tempor. Aenean porta pharetra consectetur. In pharetra ipsum eget tellus hendrerit, vel vestibulum lorem finibus. Suspendisse dignissim tempus dolor sit amet lobortis. Duis quis felis eros. Duis dignissim semper volutpat. Pellentesque habitant morbi tristique senectus et netus et malesuada fames ac turpis egestas. Curabitur malesuada odio eu gravida finibus. Donec tincidunt, est ac rutrum hendrerit, risus ex consequat quam, in ultricies lorem purus id risus. Sed id lacus blandit, blandit tellus et, vestibulum lectus.\r\n\r\nQuisque tellus nibh, dictum sit amet elementum a, lacinia id elit. Fusce sagittis nisl gravida turpis consectetur, vitae consectetur libero luctus. Nullam id lorem ut augue lobortis malesuada. Cras sapien turpis, imperdiet in sagittis sit amet, pretium imperdiet lorem. Aliquam nec condimentum nulla, id varius ligula. Praesent elit libero, commodo porttitor efficitur eget, fermentum a augue. Quisque ut nunc quis leo vehicula elementum. Vestibulum sodales nisi in tristique gravida.\r\n\r\nDonec aliquam justo a sagittis euismod. Nulla suscipit est id mi tempus ultricies. Cras eu mauris ut tortor viverra feugiat. Phasellus nibh leo, fermentum imperdiet lobortis eleifend, eleifend nec sem. Sed aliquam et nunc eget faucibus. Praesent sodales turpis accumsan mi elementum, in dapibus ipsum suscipit. Vivamus auctor pretium nisl at ullamcorper. Vivamus porttitor rhoncus semper. Suspendisse sit amet mauris pellentesque, semper erat placerat, venenatis ante. Morbi sit amet tortor vulputate, interdum purus sit amet, tincidunt tellus. Etiam luctus tincidunt enim eget pulvinar.\r\n\r\nAenean id orci vitae urna fermentum pharetra nec et ligula. Donec ac sodales dui, quis ullamcorper est. Mauris ultrices efficitur est eu egestas. Aliquam convallis, erat ut congue imperdiet, magna dui pellentesque felis, nec lobortis metus urna at sem. Aliquam arcu velit, ultricies non tellus quis, imperdiet blandit massa. Mauris eu mauris quis felis tincidunt venenatis. Cras non tincidunt nisi, eu iaculis lacus. Fusce maximus venenatis dolor imperdiet fringilla. In et massa sit amet enim elementum pretium at sit amet urna. Aliquam erat volutpat. Donec hendrerit porttitor lorem vitae rhoncus. In scelerisque, orci sed pretium venenatis, purus mi laoreet ligula, quis suscipit dui nulla id metus.\r\n\r\nPraesent id enim et risus fermentum imperdiet nec eu leo. Vivamus non magna ut sapien rhoncus tempor. Nunc erat est, dapibus a rutrum a, placerat et risus. Ut congue ipsum id quam euismod luctus. Fusce pretium lacus vel risus rutrum, quis convallis sem hendrerit. Nunc purus eros, elementum viverra mi a, tincidunt faucibus libero. Class aptent taciti sociosqu ad litora torquent per conubia nostra, per inceptos himenaeos. Duis fermentum volutpat semper. Aliquam finibus diam sit amet massa tempus, nec blandit elit aliquam. Sed libero augue, laoreet vitae ullamcorper sit amet, elementum et sapien. Sed eu venenatis quam. Integer quis sem at leo vulputate vehicula quis a justo. Praesent dapibus tincidunt urna at consequat. Duis egestas dignissim magna mollis facilisis. Ut aliquet suscipit lacinia. Sed at malesuada urna.\r\n\r\nSuspendisse posuere metus ut lorem euismod, sed lobortis dolor volutpat. Interdum et malesuada fames ac ante ipsum primis in faucibus. Quisque non purus nec dolor venenatis laoreet at et turpis. Curabitur accumsan magna dolor, eget interdum arcu condimentum sit amet. Aenean libero leo, rhoncus sed imperdiet euismod, mattis in nulla. Donec laoreet elementum enim, vel sodales sem pellentesque vitae. Fusce ornare justo at velit gravida, eu blandit neque accumsan. Vestibulum at fermentum elit. Vestibulum arcu ipsum, tincidunt nec luctus eget, cursus at turpis. Vivamus ac lorem ante. Donec vel malesuada nunc, at egestas eros. Nam semper pharetra dolor, eget mollis ipsum ornare eu. Fusce quis eros eu nibh pellentesque luctus in non lectus.\r\n\r\nIn suscipit tempor sollicitudin. Phasellus tristique erat vel lectus interdum consequat. Donec nec pellentesque massa, id consequat lorem. Pellentesque eu suscipit metus, in molestie dolor. Sed imperdiet ultricies est, in laoreet massa dictum non. Proin tristique tempus mi ut volutpat. In dui tellus, elementum laoreet ultricies sed, lacinia eget arcu. Sed velit diam, mattis a lectus ut, tempor porta ante. Pellentesque in maximus odio, malesuada bibendum ipsum. Integer rutrum sagittis mauris. Nulla neque justo, pulvinar sed ex quis, hendrerit commodo velit. Nulla est erat, gravida vitae dui et, sodales condimentum erat. Pellentesque habitant morbi tristique senectus et netus et malesuada fames ac turpis egestas. Mauris posuere vitae augue ac commodo. Ut molestie dignissim placerat.\r\n\r\nDuis sollicitudin nisi ac porttitor congue. Aliquam aliquam enim et mattis scelerisque. Vestibulum tempus ullamcorper euismod. Aenean dignissim quis odio ac elementum. Praesent non efficitur augue, sit amet aliquam augue. Fusce a orci in metus aliquet fringilla in suscipit ex. Nullam ac lectus eros. Donec eget est ac felis posuere vulputate vitae eget libero. Cras nec orci dolor. Sed posuere nulla sit amet lacus posuere, ac ullamcorper odio accumsan. Morbi non mollis libero. Cras commodo posuere ante sed ultrices. Proin eget mi eu ipsum iaculis interdum.\r\n\r\nDuis nec ante vel dolor convallis sodales. Sed ac varius lectus, eu fermentum ipsum. Orci varius natoque penatibus et magnis dis parturient montes, nascetur ridiculus mus. In hac habitasse platea dictumst. Nunc sed ex risus. Curabitur vel ante et tortor maximus elementum ut ut quam. Nulla facilisi. Cras et vestibulum libero. Suspendisse tincidunt consequat ultricies. Maecenas eget nibh sem.\r\n\r\nDonec eget volutpat augue. Mauris congue eget massa sed fringilla. In et erat non ex malesuada laoreet id quis odio. Etiam velit dui, dignissim non rutrum tempor, eleifend id lacus. Vivamus tincidunt, nisl id pellentesque varius, leo metus pretium orci, tristique blandit lacus nulla facilisis velit. Maecenas eu urna tempor quam eleifend dignissim. Curabitur sed leo vel magna mattis fermentum. Nam pulvinar hendrerit magna scelerisque imperdiet. Etiam euismod neque posuere elementum rutrum. Nullam sit amet feugiat lacus, et aliquam nulla. Etiam augue augue, semper in augue sed, tempus ultricies velit. Nulla at pulvinar libero, nec placerat sapien. Vivamus at elit euismod, condimentum lorem at, tincidunt sem. Fusce malesuada enim nisi, eu blandit diam finibus a. Duis bibendum dui leo, vel dapibus felis porta a. In consectetur finibus odio, vel iaculis augue viverra pellentesque.\r\n\r\nDonec bibendum urna erat, venenatis pellentesque nulla pharetra quis. Nunc lobortis arcu vitae laoreet imperdiet. Curabitur et turpis non lacus interdum ultricies efficitur ut eros. Aenean mauris enim, fermentum sit amet fermentum vitae, sagittis vel ex. In scelerisque cursus magna, ac cursus dolor facilisis et. Nullam sodales dui quis tortor bibendum, sed sollicitudin libero interdum. Nam nec magna dignissim leo mollis dictum faucibus at ex.\r\n\r\nEtiam blandit nibh non lacus venenatis elementum at vestibulum eros. Pellentesque facilisis ipsum vitae pulvinar dictum. Mauris non auctor augue. Cras rhoncus orci vel justo varius, vel blandit ligula congue. Curabitur tempor accumsan blandit. Pellentesque at suscipit tellus, ut egestas enim. Pellentesque consequat enim libero, a scelerisque sapien iaculis in. Mauris tincidunt mi purus, et posuere velit lobortis id. Vestibulum vel quam bibendum, imperdiet neque non, rutrum est. In vitae ante quis ex facilisis fringilla.\r\n\r\nSuspendisse interdum consequat tellus non vehicula. Quisque lectus mauris, facilisis et maximus quis, semper et libero. Cras luctus mollis magna, sed laoreet elit tempus eget. Maecenas sit amet vestibulum est. Integer neque arcu, vehicula id dolor et, dignissim tempor eros. Morbi tincidunt efficitur tortor, quis luctus est. In sed lectus lacus. Sed fringilla feugiat sapien, hendrerit dictum nunc venenatis sed. Proin a convallis dui. Duis non lectus consequat, interdum justo a, volutpat purus. Vestibulum id leo ac ante iaculis faucibus. Praesent vel maximus ligula, id ornare libero. Vivamus posuere felis sed lorem egestas, at congue felis maximus. Phasellus porttitor mi non est tempor porta.\r\n\r\nFusce sed pretium sem, ac aliquam ipsum. Donec in vestibulum ante. Nullam eget libero at massa ullamcorper elementum vitae nec nibh. Fusce vitae accumsan lorem. Etiam vel quam nibh. Mauris dictum nisi sed turpis dignissim, eget condimentum nisi volutpat. Quisque porta eu libero ut aliquam.\r\n\r\nCurabitur metus justo, dictum eget ultricies eu, viverra eget lorem. Phasellus sed ultricies tellus. Ut porta velit et porta euismod. Aenean aliquet ipsum et nisl iaculis sodales. Nulla id arcu erat. Nunc vel pretium sapien, a pharetra ante. Proin sapien libero, vestibulum at augue ut, venenatis vestibulum purus. Nullam in arcu lacinia, rhoncus lorem et, luctus nulla. Maecenas ut efficitur nunc, at sagittis dolor. Donec fringilla, libero nec auctor cursus, lectus lectus gravida nisl, sit amet porttitor lectus ipsum ac tellus.\r\n\r\nNunc pretium massa libero, ac blandit diam venenatis et. Fusce faucibus mauris a eros ultrices finibus. Proin pulvinar augue urna, vitae mollis risus faucibus eu. Quisque at dolor leo. Pellentesque tristique enim neque, nec scelerisque eros euismod sit amet. Orci varius natoque penatibus et magnis dis parturient montes, nascetur ridiculus mus. Nullam tincidunt mauris nulla, in tristique ex venenatis sed. Morbi a metus facilisis, malesuada lectus et, aliquam urna. Morbi dignissim enim sit amet neque elementum ullamcorper. Nunc eu neque eu felis venenatis ornare. Duis gravida augue sem, et convallis ante efficitur vitae. Sed sodales, massa non tempor suscipit, dolor ipsum vulputate augue, a consequat odio augue vitae dui. Maecenas consectetur pharetra enim ac lacinia. Nunc sed accumsan purus. Ut fringilla odio sit amet consequat euismod.\r\n\r\nCurabitur facilisis nisi arcu, in elementum ex aliquet in. Class aptent taciti sociosqu ad litora torquent per conubia nostra, per inceptos himenaeos. Vestibulum sollicitudin congue justo, ut rutrum mi luctus quis. Integer accumsan vestibulum facilisis. Donec pulvinar mi sit amet urna iaculis dictum. In ornare sem ligula, vitae pretium lacus interdum rhoncus. Curabitur lacinia massa eu libero condimentum, non sagittis neque hendrerit. Praesent condimentum sem eget urna consequat dignissim. Suspendisse gravida, erat at scelerisque ullamcorper, mi enim vestibulum est, non vehicula metus ex id sapien. Donec ac condimentum quam. Quisque vitae consequat nibh. Aliquam nisl ex, sodales vel dolor non, venenatis egestas leo.\r\n\r\nDonec eget nibh nec massa cursus rutrum. Nullam convallis, ligula eget tempor dictum, neque massa suscipit ligula, id elementum justo massa ut lorem. Quisque vitae mi et massa feugiat feugiat pulvinar nec ipsum. Quisque non ullamcorper neque. Phasellus eget velit porttitor, fringilla metus pharetra, tincidunt dolor. Curabitur bibendum blandit orci ut ullamcorper. Lorem ipsum dolor sit amet, consectetur adipiscing elit. Mauris pharetra enim dignissim porttitor convallis. Ut quis suscipit lectus. Sed sagittis tempus ex ac luctus. Donec tristique vehicula odio, eu mattis orci congue id. Quisque congue, enim vitae placerat viverra, lacus sem commodo felis, et blandit nisi justo et ex. Nullam scelerisque ullamcorper nisl eu rhoncus.\r\n\r\nProin vulputate interdum ipsum, eu pretium metus feugiat ut. Sed pretium faucibus commodo. In at porttitor dui, consequat rutrum orci. Sed mi massa, mollis non commodo eget, dignissim eget ligula. Nullam tempor lorem a justo lacinia gravida. In ut euismod libero. Suspendisse sagittis mi luctus eros volutpat laoreet. Vestibulum lobortis nunc eget leo viverra, non lacinia leo faucibus. Aenean et feugiat sem. Maecenas feugiat massa purus, id consequat lorem dapibus nec. Quisque suscipit urna vitae fermentum ornare. Curabitur sollicitudin, sem et consequat venenatis, dolor ex placerat sem, sed elementum odio justo at tellus. Ut vitae nisi elementum mauris fermentum ullamcorper nec et nunc.\r\n\r\nPraesent scelerisque mi non risus elementum tincidunt. Sed tincidunt luctus magna, eget suscipit ligula ultricies ut. Aenean pharetra velit in urna pretium, sed vehicula nisi fringilla. Donec non neque vitae felis facilisis posuere. Suspendisse porttitor commodo sem nec molestie. Donec id tincidunt tortor. Sed neque lorem, maximus quis nulla sit amet, feugiat consequat dui. Aliquam sed quam massa. Praesent non urna a dolor porta elementum.\r\n\r\nEtiam finibus metus non lectus aliquam pharetra. Sed finibus justo metus, ac pharetra tellus congue sed. Aliquam porttitor ullamcorper bibendum. Phasellus in pharetra ligula, porta sagittis dui. Cras ipsum mi, volutpat eu scelerisque mollis, dictum sit amet justo. Pellentesque viverra pulvinar nibh ut fringilla. Maecenas a vehicula diam. Donec consectetur ligula aliquam metus interdum, et faucibus orci imperdiet. Morbi sollicitudin eleifend nisi. Sed luctus lacus nec volutpat congue.\r\n\r\nSuspendisse sodales eros quis venenatis gravida. Pellentesque ligula justo, rutrum non elit dictum, auctor malesuada mi. Cras gravida dolor orci. Quisque fringilla tempor libero ac mollis. Vivamus vehicula libero vel sollicitudin hendrerit. Ut volutpat laoreet scelerisque. Proin interdum bibendum nisl, ut rutrum turpis feugiat consequat. Vestibulum iaculis venenatis enim in scelerisque. Donec sagittis, erat eget dapibus euismod, ipsum velit eleifend mauris, eu lobortis erat neque ac mauris. Pellentesque ipsum sapien, porttitor non nulla nec, facilisis maximus tortor. Maecenas gravida sapien ut nibh vehicula venenatis. Pellentesque habitant morbi tristique senectus et netus et malesuada fames ac turpis egestas. Maecenas ullamcorper eleifend neque quis luctus. Ut non nisi scelerisque metus finibus sagittis. Nulla et augue vehicula tortor vehicula finibus tincidunt non dolor. Pellentesque elementum augue vel massa malesuada, ac efficitur purus viverra.\r\n\r\nDonec luctus justo sit amet tellus cursus scelerisque. Interdum et malesuada fames ac ante ipsum primis in faucibus. Aliquam ut suscipit dui, sed bibendum urna. In elementum risus justo, nec convallis erat vestibulum in. Sed efficitur maximus velit, at efficitur quam egestas et. Praesent placerat erat eget suscipit sodales. Aliquam sed dignissim eros. Suspendisse potenti. Ut lorem neque, placerat id rutrum et, malesuada eget justo. Etiam mattis maximus eros sit amet eleifend.\r\n\r\nIn sollicitudin nibh mattis aliquet vulputate. Nam nunc ex, ultrices vitae tristique a, feugiat et augue. Morbi eget tincidunt ante, cursus euismod est. Integer eu consectetur nunc, non dictum ex. Nullam eget viverra nunc, sed ullamcorper erat. Fusce pretium risus ut fermentum convallis. Integer ligula turpis, molestie nec scelerisque commodo, mattis eget urna. Praesent a lacus est. Ut elementum, mi id hendrerit accumsan, diam est laoreet risus, in accumsan arcu lectus sit amet arcu. Cras eros ligula, auctor sit amet condimentum sit amet, convallis eu est. Vivamus consequat, elit dignissim convallis ultrices, sem nisl semper est, id varius eros leo in ante. Aliquam convallis vitae mauris sed venenatis.\r\n\r\nPellentesque at vehicula lectus. Etiam ornare, lacus at venenatis aliquet, eros quam ultricies urna, sit amet facilisis nisi magna viverra orci. Phasellus nisl ex, porta varius ligula in, tristique faucibus nibh. Vivamus id dapibus neque. Vestibulum sagittis purus nisl, sit amet accumsan sapien commodo at. Vestibulum convallis malesuada posuere. Nunc ornare id eros vel ullamcorper. Etiam pretium ac leo sed tempus. Duis efficitur est in arcu fringilla, sed placerat velit auctor. Vivamus dapibus vehicula mattis. Aliquam sed vulputate leo. Phasellus aliquet at turpis eget aliquam. Mauris tincidunt luctus eros, in euismod purus aliquet nec.\r\n\r\nCras pellentesque rhoncus elit. Fusce tincidunt a ante fringilla congue. Proin felis ex, lacinia non erat ac, accumsan vehicula velit. Donec id lectus tortor. Integer efficitur nulla ante, in mollis libero sodales a. Etiam et tempus mauris. Mauris sed est pellentesque, porttitor orci a, luctus est. Morbi dapibus volutpat efficitur. Aliquam erat lectus, imperdiet eu neque et, maximus tristique tortor. Nullam molestie, sem ac auctor imperdiet, nibh eros fermentum dui, vitae luctus nisi dolor eu ligula.\r\n\r\nMorbi tincidunt tempus leo, ut dictum massa pharetra vel. Pellentesque a porttitor leo, in dignissim metus. Morbi sit amet convallis quam. Nunc dapibus sollicitudin feugiat. Duis venenatis ut turpis sit amet pulvinar. Duis posuere iaculis fringilla. Proin sagittis porttitor libero et aliquet. Nulla tempor mi id turpis pretium, eu placerat metus euismod. Ut posuere vestibulum tincidunt. Pellentesque sollicitudin ante et consequat pretium. Nunc tempor risus vel felis venenatis porttitor. Nullam ultrices turpis dui, eu dignissim risus lacinia non. Nullam enim velit, sagittis at nulla ac, bibendum ornare leo. Curabitur ultrices nulla tortor.\r\n\r\nEtiam pellentesque fringilla dui, ut hendrerit diam mollis ut. In eleifend euismod lorem id cursus. Phasellus auctor consectetur erat, eu fermentum nisl ornare quis. Morbi eget dignissim dolor, ac aliquam ipsum. Sed pharetra purus ac tellus tempor, in blandit tortor tristique. Aenean felis nisi, vestibulum sit amet lacinia ac, placerat ac orci. Suspendisse pharetra, massa a aliquam egestas, ipsum nisl suscipit mi, et tristique urna quam in lacus.\r\n\r\nCurabitur eget lorem vitae sem dapibus mattis. Cras eget erat mi. Morbi dolor elit, ultricies sed auctor vel, gravida id ex. Integer placerat tellus id placerat aliquam. Nullam tincidunt arcu in sollicitudin hendrerit. Vivamus quis nibh a ante elementum tristique vitae eu augue. Curabitur ornare ligula tincidunt vulputate congue. Nullam sodales condimentum ullamcorper. Duis laoreet efficitur condimentum. Nullam commodo mi ut tristique consequat. In non iaculis dolor. Curabitur lobortis, leo eu vehicula gravida, dolor dui iaculis lorem, nec fringilla massa justo non elit. Duis egestas mauris quis diam bibendum, quis eleifend neque semper.\r\n\r\nNunc sollicitudin leo sit amet tristique pretium. Cras ullamcorper lacus blandit elit molestie elementum. In vitae ante justo. Integer quis massa nec sapien pulvinar lacinia. Lorem ipsum dolor sit amet, consectetur adipiscing elit. Aenean dignissim, turpis non suscipit varius, libero nibh dignissim ante, nec auctor mauris urna eget nisl. Phasellus a congue massa, non consequat nunc. Morbi ac orci eu justo placerat tincidunt euismod quis urna. Mauris rutrum diam augue, vitae eleifend arcu accumsan sed.\r\n\r\nMauris porta metus risus, quis ultricies leo bibendum et. Curabitur leo lorem, ultricies sed purus non, iaculis dictum justo. Donec iaculis justo nec mauris suscipit, sit amet viverra ante interdum. Nullam dictum, dui ut posuere sollicitudin, nibh sem vehicula leo, nec convallis orci dui quis turpis. In ut velit blandit, vehicula elit non, aliquet ipsum. Quisque elementum odio sit amet eros volutpat cursus. Etiam mi orci, efficitur at ultricies id, elementum nec erat. Nunc mollis ante vitae rutrum bibendum.\r\n\r\nDonec sed quam posuere dui gravida tristique. Praesent congue semper erat, et faucibus elit euismod id. Vivamus ultricies iaculis euismod. Nunc maximus cursus posuere. Phasellus sagittis lorem et justo dapibus aliquam. Nullam luctus, tortor vel venenatis dapibus, magna tellus lacinia risus, id euismod quam dui in lorem. Nam tempor posuere metus, sed varius libero ornare vitae. Vivamus in lacinia nunc. Ut nulla libero, egestas et luctus quis, tempus et turpis. Nunc hendrerit massa in tortor sodales gravida.\r\n\r\nUt pulvinar nulla quis ultrices bibendum. Aenean ornare feugiat rhoncus. Nullam vehicula lacus sed ligula condimentum suscipit sed vitae arcu. Phasellus nec leo sit amet dolor lacinia luctus. Proin vel hendrerit justo, a ultricies augue. Ut aliquam lacinia eleifend. Vestibulum risus libero, eleifend eget enim non, imperdiet dignissim ligula. Duis gravida, mauris iaculis dignissim sollicitudin, justo ligula pharetra leo, id commodo arcu dolor quis tellus. Pellentesque habitant morbi tristique senectus et netus et malesuada fames ac turpis egestas. Quisque velit leo, blandit eu libero ac, faucibus elementum nunc. Pellentesque habitant morbi tristique senectus et netus et malesuada fames ac turpis egestas. In et viverra sapien. Duis a erat non dui bibendum suscipit tristique ac lectus. Nulla ut metus viverra, ultrices mauris ac, finibus nunc.\r\n\r\nQuisque rutrum rutrum urna, vel volutpat tortor. Vivamus vestibulum lacinia mi sit amet mollis. Duis molestie nunc a lacus bibendum, sed scelerisque metus fermentum. Pellentesque in suscipit mi. Proin fringilla sem ac massa scelerisque lacinia. Cras vel sodales nisi, sed facilisis magna. Donec ultricies tempus dui, et porta nibh molestie nec. Quisque vulputate nulla lacus, at laoreet lacus feugiat ut. Cras ornare massa urna, vitae lobortis nisi scelerisque vehicula. Duis congue, justo sed interdum vehicula, mi elit interdum mi, in feugiat ipsum velit non sem. Phasellus at fringilla velit. Mauris interdum dolor non lectus congue volutpat. Nulla feugiat, nulla eget dignissim commodo, magna enim ultrices justo, in auctor urna nulla quis lacus.\r\n\r\nProin dictum odio sit amet lectus commodo, ut fringilla velit tincidunt. Quisque cursus nec felis eu aliquet. Donec non tortor et enim fermentum bibendum in non odio. Vestibulum ante ipsum primis in faucibus orci luctus et ultrices posuere cubilia Curae; Nullam purus turpis, molestie non elementum ac, imperdiet vel enim. Suspendisse eu est risus. Pellentesque et enim imperdiet, suscipit augue id, tristique enim. Duis vel velit tortor. Nullam quis sem velit. Duis suscipit id ipsum pretium euismod. Vivamus et urna vitae orci porta tincidunt eu et nibh. Morbi euismod ex vel nisi consequat accumsan. Maecenas pellentesque feugiat tempor. Duis eu turpis mauris. Cras pharetra felis non massa facilisis hendrerit. In ac dictum erat.\r\n\r\nDuis blandit posuere nulla non ullamcorper. Nulla tincidunt risus lacus, et ultricies purus finibus ut. Phasellus suscipit tellus interdum sem porttitor, non pretium enim suscipit. Maecenas dignissim vitae est scelerisque rhoncus. Vestibulum sit amet lectus dictum, elementum lacus nec, venenatis enim. Proin tempor neque non mauris imperdiet aliquet. Integer vitae tellus lobortis, tempor neque elementum, cursus elit. Aliquam blandit pulvinar egestas. Vestibulum aliquam ipsum consectetur sem egestas, eget ornare nulla cursus. Phasellus sollicitudin eros a varius vulputate. Sed at finibus ligula. Mauris eget elementum magna. Aliquam ut condimentum erat. Proin non sollicitudin purus. In varius dolor eget mi feugiat laoreet. Donec non pretium ex.\r\n\r\nMaecenas pretium maximus diam eu rutrum. Curabitur rutrum, risus et sollicitudin sollicitudin, purus sem bibendum erat, nec fringilla risus ex a elit. Sed dapibus sit amet sem ut auctor. Duis aliquam ante quam, eget pulvinar sem tempor quis. Vestibulum elementum purus eu ipsum eleifend, ac efficitur felis consectetur. Quisque id suscipit urna. Donec in leo sagittis, dapibus mi sit amet, porta diam. Donec in molestie enim. Fusce non libero quis justo cursus lacinia sit amet et lacus. Ut dictum urna sapien. Donec tempus facilisis dolor, in ullamcorper metus semper sed.\r\n\r\nMorbi felis leo, ultricies nec nunc eget, ornare pharetra nunc. Mauris nisl leo, sagittis ac blandit et, pharetra eu ipsum. Morbi bibendum, lectus vel faucibus dapibus, eros ante iaculis dolor, eu ornare ex dui a augue. Suspendisse sed dapibus nunc. Aliquam erat volutpat. Vivamus congue, odio vitae hendrerit gravida, lorem purus dapibus massa, at efficitur metus mauris vitae augue. Morbi eleifend elementum tempor. Mauris porttitor tristique quam, sed gravida arcu porttitor mattis. Integer euismod, quam interdum fringilla faucibus, sem ipsum pretium turpis, pretium tempor ante turpis non ligula. Mauris tincidunt libero vel pulvinar hendrerit. Mauris lorem justo, accumsan sed mauris at, pretium volutpat risus. Praesent lacinia commodo nisl ac molestie. Etiam congue mi nec neque facilisis pharetra. Fusce consequat maximus odio id malesuada.\r\n\r\nQuisque eros sem, ultrices sed gravida at, volutpat non dolor. Vivamus sit amet magna non dolor commodo malesuada. In quis aliquet nisi. Donec ac turpis nibh. Praesent eu sem et justo posuere bibendum. Aliquam malesuada scelerisque euismod. Etiam vulputate, neque ut condimentum auctor, lorem dui iaculis sapien, vitae tempor est felis sed mauris. Praesent nec varius diam. Duis eu aliquet magna, a sodales elit. Vestibulum ac dolor dolor. Suspendisse tempor, quam id imperdiet dapibus, magna augue gravida massa, nec consectetur ligula elit in nibh. Nullam vehicula sapien vitae fermentum mattis.\r\n\r\nFusce vitae quam eu elit fermentum feugiat ac non sem. Morbi hendrerit neque sed ornare convallis. Aliquam consequat viverra massa, vel gravida arcu accumsan accumsan. Integer ultrices purus eget eros hendrerit sollicitudin. Aenean tempor enim at pulvinar vestibulum. Nulla consequat sem vitae risus elementum suscipit. Mauris volutpat, nisl vel efficitur bibendum, risus urna tristique sapien, ut facilisis odio purus non diam. Integer eu odio finibus, pharetra elit nec, rutrum leo. Sed pretium urna malesuada quam sollicitudin, vitae condimentum tellus rhoncus. Mauris augue ipsum, tincidunt et eleifend sit amet, dictum non purus. Etiam tempus metus a lacus molestie laoreet. Morbi tempus, ligula sed rhoncus placerat, dolor lorem blandit nibh, ut placerat leo purus et lorem. Pellentesque et maximus ipsum, at condimentum mi. Vivamus aliquet diam sit amet massa hendrerit sollicitudin nec eu nisi.\r\n\r\nQuisque nulla dolor, luctus in sollicitudin sed, aliquam quis quam. Curabitur sit amet eros cursus, finibus tortor in, dignissim urna. Proin posuere est sed metus dictum volutpat. Suspendisse dictum lacus nec urna facilisis, non vulputate urna cursus. Vivamus turpis felis, ullamcorper sit amet nulla vitae, sodales consequat augue. Donec ac efficitur nulla. Morbi dignissim suscipit tincidunt. Pellentesque elementum mattis mi, in pharetra massa feugiat commodo. Integer ac lorem ut est interdum consequat. Donec quis consequat nunc. Aliquam scelerisque, nibh sed semper tincidunt, arcu lectus malesuada tellus, nec sollicitudin dui dolor eget libero. Nullam sed odio metus.\r\n\r\nMaecenas molestie, enim eu tempus placerat, ipsum ligula luctus dolor, sit amet efficitur mi leo id quam. Mauris auctor condimentum ex, sed vestibulum sapien placerat nec. Suspendisse scelerisque, nisl ultricies feugiat luctus, orci quam ultrices tortor, eu pellentesque urna enim condimentum felis. Nam dignissim fermentum lacus, ac consequat lacus. Curabitur ac sagittis felis. Nam placerat porta cursus. Maecenas elementum, urna a vulputate finibus, lectus nunc auctor ex, vel porttitor urna nisi pretium dolor. Nullam ultricies sagittis eros, vel convallis dolor ullamcorper quis. Pellentesque habitant morbi tristique senectus et netus et malesuada fames ac turpis egestas. Nam vulputate mauris vel metus consequat feugiat. Cras porttitor tellus eu massa dignissim feugiat. Sed consequat nisl at rhoncus fringilla.\r\n\r\nIn hac habitasse platea dictumst. In non libero interdum, dapibus eros nec, consequat ante. Nunc interdum finibus pulvinar. In malesuada, mauris sit amet suscipit cursus, sem tortor tristique felis, non rutrum ipsum ex id neque. Pellentesque et consectetur felis. Quisque lorem nulla, luctus vel mattis molestie, tempus eu velit. Etiam id purus sit amet sem feugiat imperdiet vitae id metus.\r\n\r\nDonec at ligula vitae metus dictum aliquam ac eu ante. Suspendisse eu lectus efficitur, congue nulla et, aliquam ipsum. Aliquam hendrerit quam arcu, eget consequat ipsum varius id. Donec eget volutpat eros. Pellentesque laoreet erat ac rutrum scelerisque. Maecenas placerat accumsan elit quis accumsan. Maecenas at finibus sem.\r\n\r\nUt sem nunc, convallis ut accumsan eget, suscipit a mauris. Duis eleifend pharetra enim ut imperdiet. Morbi sit amet tortor eget nulla condimentum faucibus. Donec sit amet diam in sem aliquam eleifend. Vestibulum consectetur, felis nec bibendum dapibus, elit risus malesuada ante, id tempor elit lectus non risus. Phasellus maximus, lacus ac lacinia semper, elit lectus vulputate eros, et aliquet diam lorem vel est. Sed et maximus lacus. Praesent a fermentum risus, sit amet malesuada nunc. Proin magna velit, porttitor non sapien a, ultrices gravida leo. Cras ac pulvinar felis, a aliquet orci. Phasellus ac lectus vitae diam ornare malesuada. Aenean dui urna, consectetur pellentesque risus eu, fringilla venenatis diam.', '2018-08-02 11:31:10', '2018-08-02 13:31:10', 2),
(7, 3, 'fdsfd', '                    fsdfsdfsdfsfsdfsdfsdfsdfsd dfd fd fdd fdd dfdfd', '2018-12-03 05:04:17', '2018-12-03 06:04:17', 2),
(8, 2, 'dpowajdawpdawj', '                    pjdpoawjpdpaowdjjawdjawdj089djmoiwdj0q=hf-u9qo[fjad-9ufhewp-epf9oe-aiepfujag-89y[eih9=w[', '2018-12-03 09:17:55', '2018-12-03 10:17:55', 2),
(9, 4, 'alalla', 'prtyu ms aecma smsms ', '2018-12-09 14:21:35', '2018-12-09 15:21:35', 2),
(10, 1, 'alallala', 'satuwe ssdwdwds sssss sss dddd ffff mdaonda', '2018-12-09 14:52:21', '2018-12-09 15:52:21', 2),
(11, 5, 'alas', '                    las las las las las las las\r\n', '2018-12-10 11:39:59', '2018-12-10 12:39:59', 2),
(12, 1, 'llllll', '                    lalal lala lllla aaaaa lllllla llllllll llllllll lllllllll llllllllll lllllllllll llllllllll llllllllllllllllll', '2018-12-10 12:02:58', '2018-12-10 13:02:58', 2),
(13, 5, 'uy', '                    huvh', '2019-01-11 16:15:15', '2019-01-11 17:15:15', 1);

-- --------------------------------------------------------

--
-- Struktura tabeli dla tabeli `profile_images`
--

DROP TABLE IF EXISTS `profile_images`;
CREATE TABLE IF NOT EXISTS `profile_images` (
  `id` int(11) NOT NULL AUTO_INCREMENT,
  `file_name` mediumtext,
  `slowkilka` text,
  `krajpoch` text,
  `wyksz` text,
  `zain` text,
  PRIMARY KEY (`id`) USING BTREE
) ENGINE=MyISAM AUTO_INCREMENT=9 DEFAULT CHARSET=utf8 COLLATE=utf8_polish_ci;

--
-- Zrzut danych tabeli `profile_images`
--

INSERT INTO `profile_images` (`id`, `file_name`, `slowkilka`, `krajpoch`, `wyksz`, `zain`) VALUES
(0, 'dead.jpg', 'Spieszmy się kochać ludzi. Tak szybko odchodzą...', 'zaświaty', 'Wysza szkoła Kosiarzy', '1000 sposobów na śmier c'),
(1, 'large.jpg', '428', 'poland fefe', 'zxsxs', 'fefesf'),
(2, 'iampopeye.png', 'grger', 'lnh', '', ''),
(3, 'iampopeye.png', 'rgegre', 'rgerre', '', ''),
(4, 'iampopeye.png', 'rgrer', 'rgger', '', ''),
(5, 'iampopeye.png', 'greg', 'gregr', '', ''),
(6, 'iampopeye.png', '428', 'poland', 'nie', 'nie');

-- --------------------------------------------------------

--
-- Struktura tabeli dla tabeli `uzytkownicy`
--

DROP TABLE IF EXISTS `uzytkownicy`;
CREATE TABLE IF NOT EXISTS `uzytkownicy` (
  `id` int(11) NOT NULL AUTO_INCREMENT,
  `username` varchar(255) COLLATE utf8_polish_ci NOT NULL,
  `password` varchar(255) COLLATE utf8_polish_ci NOT NULL,
  `email` text COLLATE utf8_polish_ci NOT NULL,
  `dolaczyl` date NOT NULL,
  `banned` varchar(5) CHARACTER SET ucs2 COLLATE ucs2_polish_ci NOT NULL DEFAULT 'folse',
  `status` varchar(10) COLLATE utf8_polish_ci NOT NULL DEFAULT '0',
  PRIMARY KEY (`id`)
) ENGINE=MyISAM AUTO_INCREMENT=9 DEFAULT CHARSET=utf8 COLLATE=utf8_polish_ci;

--
-- Zrzut danych tabeli `uzytkownicy`
--

INSERT INTO `uzytkownicy` (`id`, `username`, `password`, `email`, `dolaczyl`, `banned`, `status`) VALUES
(5, 'adam', '$2y$10$puMN5SOOlaVSzQ6LK63TvePi9xb/./1a/Jw9V3A7igU9xmYfpz9wG', 'adamm@gmail.com', '2018-11-06', 'false', '2'),
(4, 'jakub', '$2y$10$puMN5SOOlaVSzQ6LK63TvePi9xb/./1a/Jw9V3A7igU9xmYfpz9wG', 'jakub@gmail.com', '2018-11-06', 'false', '1'),
(3, 'janusz', '$2y$10$puMN5SOOlaVSzQ6LK63TvePi9xb/./1a/Jw9V3A7igU9xmYfpz9wG', 'janusz@gmail.com', '2018-11-06', 'false', '2'),
(2, 'roman1', '$2y$10$puMN5SOOlaVSzQ6LK63TvePi9xb/./1a/Jw9V3A7igU9xmYfpz9wG', 'roman@gmail.com', '2018-11-06', 'false', '2'),
(6, 'mirek', '$2y$10$puMN5SOOlaVSzQ6LK63TvePi9xb/./1a/Jw9V3A7igU9xmYfpz9wG', 'miroslaw@gmail.com', '2018-11-06', 'false', '2'),
(1, 'administrator', '$2y$10$puMN5SOOlaVSzQ6LK63TvePi9xb/./1a/Jw9V3A7igU9xmYfpz9wG', 'lalalala@gmail.com', '2018-11-06', 'false', '3'),
(0, 'R.I.P', '$2y$10$VGWF4oke5lrw2X.o9mGi2erljMX3fP7e7iyU1GIG1ZoNUWaI/xHsy', 'dead', '2018-11-26', 'false', '3'),
(8, 'kamil', '$2y$10$VGWF4oke5lrw2X.o9mGi2erljMX3fP7e7iyU1GIG1ZoNUWaI/xHsy', 'email@gmail.com', '2018-12-18', 'folse', '0');

--
-- Indeksy dla zrzutów tabel
--

--
-- Indexes for table `posts`
--
ALTER TABLE `posts` ADD FULLTEXT KEY `article` (`article`);
COMMIT;

/*!40101 SET CHARACTER_SET_CLIENT=@OLD_CHARACTER_SET_CLIENT */;
/*!40101 SET CHARACTER_SET_RESULTS=@OLD_CHARACTER_SET_RESULTS */;
/*!40101 SET COLLATION_CONNECTION=@OLD_COLLATION_CONNECTION */;
